feature,Commercial Potential,Operational Reliability,Operational Reliability 2,Operational Reliability 3
fulfilment_rate,0.07646977840904319,0.28661542589153594,0.7885920934462353,8.174958862223783e-05
cancellation_rate,-0.09493847883223143,0.0110627035686296,-0.4530707568028632,-0.13392329361834573
return_rate,0.2052282963572983,-0.5779858806745257,0.09782168446643039,0.08436458448901668
stock_availability,0.15946339722600025,0.20801221164693898,0.4747956410065464,0.016411051062024725
avg_delivery_days,-0.15045625518483652,-0.10913164850302336,-0.4974436053113897,0.011016167346012193
response_time_hours,0.06481869615886789,-0.17915253181340413,-0.6028711745966708,0.18908753588243662
average_order_value,0.8995257753549195,0.0316163928976505,-0.0769108352386358,-0.023619971329203095
repeat_customer_rate,-0.24492161850150296,0.7899633761109905,0.04304816784691903,0.012616036506803768
conversion_rate,0.847266938315584,0.03166779176239455,-0.11188094424825795,0.05846168935788569
customer_engagement,-0.1471441468670829,0.8576265439280384,-0.20141742391831044,-0.020894956155827135
category_coverage,0.07344260747962654,-0.08964149785689723,-0.006321114278490815,-0.5256439966225077
product_count,0.09404918803668547,-0.05032493669132961,-0.0826863445572056,-0.6810422817531286
average_rating,-0.07528376870042461,0.7968752464287979,-0.1317686086628726,0.02268787632484488
price_index,-0.646087042498,0.03401545069978616,-0.15769153788735626,0.014906039292966274
gmv_log,0.9366770859848788,0.11710314100611606,0.002692421876554728,0.004640830232713543
order_count_log,0.8223416181291701,0.10772920758700388,-0.013301693859572002,0.00546510659287373
