vendor_id,order_count,gmv,average_order_value,repeat_customer_rate,conversion_rate,customer_engagement,fulfilment_rate,cancellation_rate,return_rate,stock_availability,avg_delivery_days,category_coverage
V001,331,68154.14,856.67,0.753,0.082,0.739,0.927,0.063,0.085,0.856,5.38,0.568
V002,630,86261.04,1215.58,0.377,0.133,0.672,0.796,0.074,0.128,0.828,4.07,0.826
V003,418,62639.04,898.6,0.642,0.109,0.64,0.892,0.032,0.112,0.852,3.22,0.645
V004,482,84455.73,914.6,0.531,0.122,0.629,0.783,0.037,0.176,0.834,2.61,0.775
V005,294,63290.07,779.27,0.584,0.105,0.638,0.705,0.133,0.106,0.809,4.56,0.369
V006,428,62517.21,866.45,0.471,0.101,0.503,0.686,0.069,0.085,0.732,5.69,0.692
V007,261,51837.84,792.84,0.548,0.069,0.687,0.834,0.045,0.089,0.932,4.05,0.605
V008,488,74458.26,844.88,0.716,0.059,0.723,0.831,0.049,0.093,0.736,4.3,0.501
V009,417,75630.56,1022.24,0.605,0.135,0.737,0.894,0.036,0.106,0.781,4.35,0.45
V010,160,44407.91,526.28,0.76,0.05,0.758,0.82,0.092,0.039,0.75,5.02,0.66
V011,581,71443.88,797.35,0.767,0.151,0.756,0.862,0.063,0.077,0.869,3.88,0.641
V012,439,73041.61,1007.73,0.531,0.111,0.685,0.826,0.071,0.154,0.891,4.12,0.617
V013,364,55842.16,796.36,0.735,0.064,0.739,0.848,0.096,0.073,0.843,3.53,0.687
V014,292,44074.1,751.08,0.649,0.088,0.678,0.926,0.056,0.162,0.844,2.64,0.575
V015,388,55661.3,854.59,0.608,0.102,0.814,0.854,0.082,0.04,0.825,4.14,0.604
V016,300,59507.25,817.37,0.488,0.067,0.678,0.786,0.097,0.114,0.736,5.04,0.746
V017,383,76413.24,962.36,0.61,0.106,0.689,0.908,0.067,0.128,0.767,3.33,0.725
V018,563,71912.39,893.8,0.467,0.104,0.58,0.752,0.036,0.124,0.826,5.53,0.744
V019,666,100737.21,1036.8,0.673,0.132,0.686,0.899,0.083,0.109,0.91,4.14,0.739
V020,403,62407.97,1025.03,0.512,0.098,0.566,0.797,0.077,0.131,0.822,4.35,0.58
V021,389,60267.28,757.31,0.607,0.063,0.763,0.842,0.025,0.094,0.752,4.63,0.653
V022,412,74082.61,916.88,0.571,0.111,0.579,0.796,0.063,0.119,0.774,4.7,0.653
V023,570,67155.72,925.25,0.648,0.095,0.761,0.897,0.076,0.023,0.885,3.53,0.76
V024,544,100556.66,1111.24,0.622,0.148,0.741,0.835,0.078,0.177,0.904,4.2,0.55
V025,590,77342.34,1022.73,0.717,0.122,0.86,0.765,0.072,0.082,0.836,3.72,0.605
V026,398,68394.09,890.35,0.659,0.13,0.711,0.816,0.072,0.103,0.806,4.21,0.53
V027,498,94100.65,1165.26,0.423,0.161,0.475,0.902,0.041,0.114,0.852,3.67,0.99
V028,396,52437.53,836.49,0.477,0.07,0.607,0.876,0.045,0.135,0.804,4.25,0.872
V029,475,58297.98,863.52,0.41,0.087,0.608,0.862,0.06,0.14,0.865,3.79,0.611
V030,205,55565.03,808.1,0.47,0.071,0.698,0.872,0.005,0.128,0.859,3.69,0.594
V031,337,71704.97,859.62,0.703,0.092,0.827,0.938,0.032,0.051,0.929,2.38,0.528
V032,300,51210.1,584.64,0.653,0.066,0.699,0.833,0.035,0.105,0.733,4.71,0.641
V033,458,75881.69,1073.61,0.512,0.123,0.638,0.816,0.078,0.142,0.816,4.99,0.668
V034,385,67893.21,911.19,0.498,0.104,0.604,0.759,0.055,0.128,0.758,3.46,0.664
V035,262,50991.17,637.11,0.62,0.079,0.612,0.877,0.043,0.121,0.906,4.67,0.632
V036,323,66739.7,645.29,0.537,0.081,0.572,0.863,0.058,0.099,0.852,3.94,0.589
V037,466,71954.83,881.62,0.503,0.086,0.546,0.83,0.042,0.132,0.875,3.79,0.428
V038,435,73268.2,1108.04,0.592,0.114,0.697,0.809,0.082,0.107,0.794,4.53,0.684
V039,704,97722.3,1299.53,0.616,0.138,0.857,0.839,0.109,0.106,0.808,5.31,0.586
V040,713,106397.53,1202.01,0.622,0.15,0.709,0.912,0.046,0.108,0.861,3.88,0.702
V041,486,71520.51,987.44,0.45,0.078,0.323,0.925,0.05,0.18,0.847,3.29,0.524
V042,368,53581.05,759.8,0.679,0.043,0.611,0.873,0.081,0.111,0.901,4.6,0.573
V043,51,32033.51,494.78,0.579,0.029,0.627,0.866,0.067,0.099,0.748,6.26,0.467
V044,509,73515.95,1085.91,0.666,0.105,0.751,0.85,0.028,0.095,0.795,4.49,0.607
V045,292,53201.53,717.94,0.841,0.088,0.877,0.827,0.075,0.08,0.776,3.19,0.857
V046,415,63841.47,780.64,0.411,0.104,0.43,0.808,0.096,0.143,0.744,2.48,0.544
V047,472,66588.02,740.74,0.606,0.081,0.671,0.856,0.052,0.134,0.871,3.93,0.536
V048,472,67566.34,1036.36,0.608,0.115,0.729,0.822,0.07,0.082,0.883,5.12,0.908
V049,585,80196.19,1094.56,0.4,0.152,0.534,0.894,0.093,0.172,0.89,4.26,0.873
V050,465,71448.86,913.88,0.608,0.111,0.861,0.795,0.065,0.135,0.83,4.31,0.429
V051,502,47684.43,866.5,0.552,0.111,0.661,0.879,0.055,0.042,0.734,4.45,0.638
V052,329,59766.44,775.66,0.576,0.077,0.793,0.844,0.042,0.095,0.781,4.66,0.581
V053,269,42588.16,606.56,0.472,0.098,0.63,0.785,0.159,0.114,0.845,5.3,0.805
V054,349,60551.17,810.99,0.698,0.066,0.797,0.888,0.083,0.087,0.743,4.6,0.522
V055,454,74076.09,925.47,0.691,0.124,0.844,0.843,0.084,0.052,0.848,3.37,0.456
V056,603,103066.27,1056.71,0.692,0.153,0.678,0.817,0.054,0.089,0.854,3.76,0.777
V057,486,68897.67,1119.48,0.52,0.125,0.771,0.848,0.077,0.122,0.785,3.92,0.653
V058,607,92919.52,1131.58,0.639,0.122,0.637,0.929,0.076,0.11,0.887,3.21,0.561
V059,477,58079.83,862.32,0.613,0.114,0.563,0.832,0.064,0.133,0.633,3.78,0.604
V060,363,43579.63,659.74,0.586,0.09,0.654,0.969,0.052,0.157,0.945,3.57,0.424
V061,220,49667.22,900.12,0.585,0.089,0.658,0.671,0.09,0.108,0.797,5.09,0.648
V062,325,49740.82,828.34,0.555,0.097,0.632,0.799,0.071,0.088,0.823,4.48,0.591
V063,720,113348.92,1102.2,0.586,0.156,0.721,0.845,0.114,0.096,0.857,2.61,0.76
V064,189,57549.89,831.36,0.494,0.099,0.493,0.854,0.083,0.157,0.841,3.72,0.713
V065,516,70827.98,991.58,0.593,0.129,0.56,0.904,0.06,0.109,0.935,3.61,0.664
V066,272,48378.74,698.51,0.683,0.064,0.82,0.908,0.049,0.075,0.826,4.28,0.812
V067,568,92098.79,1058.67,0.535,0.114,0.586,0.776,0.073,0.148,0.806,3.35,0.575
V068,502,75952.82,1108.58,0.447,0.111,0.654,0.808,0.056,0.133,0.731,3.44,0.77
V069,422,62119.14,937.2,0.741,0.073,0.705,0.869,0.059,0.1,0.876,3.56,0.615
V070,344,64187.46,925.07,0.654,0.106,0.813,0.746,0.109,0.105,0.824,5.07,0.549
V071,440,56753.11,758.39,0.553,0.107,0.699,0.794,0.051,0.111,0.786,3.18,0.551
V072,570,74326.48,1010.18,0.7,0.118,0.754,0.863,0.058,0.085,0.805,4.88,0.685
V073,309,59177.33,944.57,0.625,0.102,0.717,0.803,0.064,0.088,0.697,5.37,0.659
V074,169,51162.85,631.22,0.63,0.076,0.609,0.82,0.068,0.084,0.779,3.53,0.9
V075,294,44238.91,670.7,0.659,0.053,0.783,0.766,0.08,0.098,0.822,3.69,0.747
V076,440,66117.4,906.64,0.833,0.087,0.876,0.876,0.056,0.07,0.811,3.43,0.649
V077,682,90391.6,1126.3,0.525,0.131,0.712,0.789,0.059,0.121,0.737,4.88,0.607
V078,368,74204.41,872.5,0.531,0.1,0.475,0.824,0.037,0.116,0.773,3.55,0.453
V079,352,74853.27,997.81,0.781,0.076,0.841,0.922,0.076,0.086,0.865,3.05,0.849
V080,465,76340.95,941.95,0.514,0.111,0.506,0.81,0.068,0.103,0.716,4.12,0.713
V081,653,95094.69,1110.71,0.481,0.145,0.75,0.862,0.063,0.096,0.747,4.12,0.747
V082,501,75904.37,973.11,0.686,0.13,0.74,0.83,0.079,0.06,0.747,4.38,0.424
V083,403,57173.71,907.2,0.452,0.083,0.5,0.78,0.063,0.153,0.704,4.4,0.821
V084,538,87493.56,1168.97,0.432,0.12,0.472,0.828,0.077,0.125,0.875,5.1,0.642
V085,503,66184.52,1005.43,0.35,0.121,0.571,0.826,0.075,0.139,0.683,5.34,0.484
V086,656,93101.8,1218.32,0.445,0.139,0.597,0.848,0.031,0.109,0.77,4.23,0.574
V087,353,65448.5,1031.84,0.522,0.124,0.706,0.707,0.059,0.128,0.655,5.27,0.613
V088,289,41051.58,667.45,0.585,0.055,0.723,0.808,0.099,0.067,0.738,3.89,0.587
V089,229,47788.89,616.4,0.648,0.053,0.676,0.933,0.06,0.111,0.802,3.3,0.587
V090,611,92721.01,1195.83,0.53,0.122,0.574,0.87,0.057,0.122,0.809,4.27,0.53
V091,582,88852.52,1090.41,0.381,0.152,0.455,0.864,0.036,0.14,0.828,3.83,0.685
V092,315,74066.81,883.38,0.526,0.117,0.709,0.817,0.051,0.12,0.792,5.78,0.596
V093,334,62687.81,852.34,0.466,0.072,0.654,0.793,0.088,0.129,0.811,4.39,0.664
V094,536,97059.74,1230.57,0.653,0.166,0.665,0.838,0.086,0.09,0.853,3.94,0.285
V095,346,48063.02,595.84,0.612,0.061,0.648,0.707,0.124,0.169,0.684,5.63,0.732
V096,191,52298.07,779.57,0.525,0.082,0.683,0.781,0.086,0.099,0.8,4.94,0.545
V097,543,82914.86,1074.57,0.654,0.13,0.746,0.796,0.086,0.085,0.766,5.61,0.735
V098,486,55513.82,792.22,0.609,0.1,0.718,0.761,0.103,0.099,0.787,3.52,0.668
V099,439,69850.41,934.62,0.736,0.095,0.743,0.886,0.074,0.102,0.849,4.11,0.522
V100,409,62791.53,1109.84,0.531,0.088,0.556,0.8,0.103,0.129,0.739,4.42,0.635
