vendor_id,vendor_name,category,city,gmv,average_rating,fulfilment_rate,cancellation_rate,return_rate,stock_availability,Commercial Potential,Operational Reliability,Operational Reliability 2,Operational Reliability 3,Strategic Marketplace Value,vendor_cluster
V001,Marketplace Vendor 001,Eco-Friendly Home,Mumbai,68154.14,4.63,0.927,0.063,0.085,0.856,56.526831773599916,78.95208075771244,61.03155684571613,38.06873302943746,67.73945626565617,2
V002,Marketplace Vendor 002,Plant-Based Food,Hyderabad,86261.04,3.82,0.796,0.074,0.128,0.828,89.52627083524206,35.08107475276753,33.13192749697717,34.40403617229965,62.3036727940048,0
V003,Marketplace Vendor 003,Health & Wellness,Kochi,62639.04,4.48,0.892,0.032,0.112,0.852,61.69095752125443,59.286716434126774,69.88667155046271,50.99901545369046,60.4888369776906,2
V004,Marketplace Vendor 004,Beauty & Personal Care,Delhi,84455.73,4.37,0.783,0.037,0.176,0.834,76.70844331513386,45.50732376999361,52.881231300986855,57.51808842650076,61.10788354256374,0
V005,Marketplace Vendor 005,Health & Wellness,Kochi,63290.07,4.06,0.705,0.133,0.106,0.809,53.05469377387573,39.324864095374195,4.962797776571861,76.67253105262384,46.18977893462496,3
V006,Marketplace Vendor 006,Plant-Based Food,Chennai,62517.21,3.69,0.686,0.069,0.085,0.732,59.79856994327319,15.445800780513592,15.656755592103545,40.90554276569577,37.62218536189339,0
V007,Marketplace Vendor 007,Plant-Based Food,Coimbatore,51837.84,4.23,0.834,0.045,0.089,0.932,42.916419570416636,51.57332689637163,64.0737704529849,45.53795281306466,47.24487323339413,4
V008,Marketplace Vendor 008,Health & Wellness,Mumbai,74458.26,4.57,0.831,0.049,0.093,0.736,58.65903189270377,72.43545286086744,51.258113111891724,69.36099310801195,65.5472423767856,1
V009,Marketplace Vendor 009,Dairy Alternatives,Delhi,75630.56,4.68,0.894,0.036,0.106,0.781,75.83657336854463,70.38274045107616,50.80618940767898,67.90483882553603,73.1096569098104,1
V010,Marketplace Vendor 010,Beauty & Personal Care,Chennai,44407.91,4.79,0.82,0.092,0.039,0.75,19.954209995591288,74.83654696796428,33.50096792422723,53.62972683584004,47.39537848177778,3
V011,Marketplace Vendor 011,Health & Wellness,Delhi,71443.88,4.7,0.862,0.063,0.077,0.869,68.62722840078915,84.44819307383825,57.75772999465396,49.52424853974149,76.5377107373137,2
V012,Marketplace Vendor 012,Plant-Based Food,Delhi,73041.61,4.25,0.826,0.071,0.154,0.891,72.74944288833974,50.436267838676834,54.3194500453382,61.35898926734509,61.59285536350829,1
V013,Marketplace Vendor 013,Plant-Based Food,Mumbai,55842.16,4.36,0.848,0.096,0.073,0.843,45.370144294257614,70.84447083077059,57.81233017474343,13.230970707185984,58.1073075625141,2
V014,Marketplace Vendor 014,Plant-Based Food,Mumbai,44074.1,4.43,0.926,0.056,0.162,0.844,38.33148626507594,56.88642998720889,83.13484811804403,86.42775649272583,47.60895812614241,4
V015,Marketplace Vendor 015,Plant-Based Food,Delhi,55661.3,4.64,0.854,0.082,0.04,0.825,52.70894785841046,77.91457821297813,49.13428453054508,35.03624274821618,65.3117630356943,2
V016,Marketplace Vendor 016,Plant-Based Food,Kochi,59507.25,4.32,0.786,0.097,0.114,0.736,50.62892398195781,42.41562518067637,26.709889754190144,33.53393035881949,46.52227458131709,3
V017,Marketplace Vendor 017,Health & Wellness,Delhi,76413.24,4.41,0.908,0.067,0.128,0.767,71.90614469378032,61.7871823553466,71.97299036156886,36.64056954025498,66.84666352456347,2
V018,Marketplace Vendor 018,Beauty & Personal Care,Coimbatore,71912.39,3.76,0.752,0.036,0.124,0.826,71.83145990496165,24.877113814789674,32.03199896224034,31.173990995528055,48.35428685987566,0
V019,Marketplace Vendor 019,Health & Wellness,Coimbatore,100737.21,4.61,0.899,0.083,0.109,0.91,90.58693491496646,73.82171188442126,62.862916514450376,22.379864904779524,82.20432339969386,2
V020,Marketplace Vendor 020,Health & Wellness,Mumbai,62407.97,3.99,0.797,0.077,0.131,0.822,63.498425243538115,32.47544081409872,47.93855239273406,36.8692267546396,47.98693302881841,0
V021,Marketplace Vendor 021,Health & Wellness,Delhi,60267.28,4.33,0.842,0.025,0.094,0.752,48.78788169136253,61.95328202419197,47.61602842894155,64.23108092459034,55.37058185777725,3
V022,Marketplace Vendor 022,Dairy Alternatives,Hyderabad,74082.61,4.13,0.796,0.063,0.119,0.774,70.1075588935495,39.714685735673285,42.39934141798505,36.216999813831855,54.91112231461139,0
V023,Marketplace Vendor 023,Dairy Alternatives,Pune,67155.72,4.06,0.897,0.076,0.023,0.885,65.73411659441797,71.73999157740383,69.30312984248182,42.49095634402171,68.7370540859109,2
V024,Marketplace Vendor 024,Health & Wellness,Delhi,100556.66,4.7,0.835,0.078,0.177,0.904,91.95447028078375,70.40279881637692,42.85036071734669,74.9035124344091,81.17863454858033,1
V025,Marketplace Vendor 025,Dairy Alternatives,Kochi,77342.34,4.65,0.765,0.072,0.082,0.836,75.90501725782248,86.07036907000736,28.831774585633912,43.805099123931065,80.98769316391491,1
V026,Marketplace Vendor 026,Plant-Based Food,Bengaluru,68394.09,4.01,0.816,0.072,0.103,0.806,67.54669846626062,55.932486879041456,41.16294258390053,57.60739533016933,61.73959267265104,1
V027,Marketplace Vendor 027,Beauty & Personal Care,Kochi,94100.65,3.77,0.902,0.041,0.114,0.852,96.7516056366924,25.24911019454461,75.33032149857634,25.96338169500274,61.00035791561851,0
V028,Marketplace Vendor 028,Health & Wellness,Chennai,52437.53,4.19,0.876,0.045,0.135,0.804,50.39150158855746,36.02868472697729,63.26391575963985,37.809471347733556,43.210093157767375,4
V029,Marketplace Vendor 029,Health & Wellness,Bengaluru,58297.98,4.29,0.862,0.06,0.14,0.865,58.2952037879092,36.46647238317871,61.20896610912146,60.43615485331632,47.38083808554396,4
V030,Marketplace Vendor 030,Health & Wellness,Chennai,55565.03,4.18,0.872,0.005,0.128,0.859,44.768471593779594,47.069176267754465,81.46116009991891,34.660539506759164,45.91882393076703,4
V031,Marketplace Vendor 031,Plant-Based Food,Pune,71704.97,4.59,0.938,0.032,0.051,0.929,58.23514021029727,91.27265199625387,86.8268040508533,58.157863711785645,74.75389610327557,2
V032,Marketplace Vendor 032,Beauty & Personal Care,Pune,51210.1,4.53,0.833,0.035,0.105,0.733,35.570442461467266,58.351031373504455,46.81262592217818,69.71821020012773,46.96073691748586,3
V033,Marketplace Vendor 033,Health & Wellness,Mumbai,75881.69,4.29,0.816,0.078,0.142,0.816,77.45458607484605,44.64018769228771,38.28132103109054,26.246196786244425,61.04738688356688,0
V034,Marketplace Vendor 034,Beauty & Personal Care,Pune,67893.21,3.76,0.759,0.055,0.128,0.758,63.72189470834615,29.023826120063692,36.77399346200751,35.7387264175602,46.37286041420492,0
V035,Marketplace Vendor 035,Health & Wellness,Kochi,50991.17,4.21,0.877,0.043,0.121,0.906,38.715941588675925,47.27778688482807,75.55678773619033,79.38662063541055,42.996864236751996,4
V036,Marketplace Vendor 036,Health & Wellness,Pune,66739.7,3.8,0.863,0.058,0.099,0.852,52.7197754650266,35.84672357999054,74.65766459920258,50.62481879041948,44.28324952250857,4
V037,Marketplace Vendor 037,Eco-Friendly Home,Delhi,71954.83,4.32,0.83,0.042,0.132,0.875,66.65695171560596,38.03534780868754,58.30148423175214,86.34936577947592,52.34614976214675,4
V038,Marketplace Vendor 038,Plant-Based Food,Bengaluru,73268.2,4.16,0.809,0.082,0.107,0.794,73.37791068372542,53.817750279721736,33.58237300677207,12.274628746810837,63.59783048172358,0
V039,Marketplace Vendor 039,Eco-Friendly Home,Kochi,97722.3,4.66,0.839,0.109,0.106,0.808,93.94680730996791,83.84305695674077,21.663125597629968,66.58000397730747,88.89493213335433,1
V040,Marketplace Vendor 040,Dairy Alternatives,Chennai,106397.53,4.12,0.912,0.046,0.108,0.861,99.92969583094933,67.54269720628973,72.81066231380274,50.11495393927509,83.73619651861952,1
V041,Marketplace Vendor 041,Plant-Based Food,Mumbai,71520.51,3.34,0.925,0.05,0.18,0.847,73.00776709297033,0.0,100.0,66.45415675533167,36.50388354648516,4
V042,Marketplace Vendor 042,Plant-Based Food,Pune,53581.05,4.35,0.873,0.081,0.111,0.901,42.71147480226613,53.95358079516706,69.813696440944,39.36446318239867,48.3325277987166,4
V043,Marketplace Vendor 043,Beauty & Personal Care,Delhi,32033.51,3.94,0.866,0.067,0.099,0.748,0.0,31.511394755777523,59.65597183446256,67.18452531613045,15.755697377888762,4
V044,Marketplace Vendor 044,Eco-Friendly Home,Kochi,73515.95,4.05,0.85,0.028,0.095,0.795,71.91203613556834,64.48489919365633,50.481116916351105,56.165857824050875,68.19846766461234,1
V045,Marketplace Vendor 045,Eco-Friendly Home,Delhi,53201.53,4.37,0.827,0.075,0.08,0.776,39.61295555952901,85.99596253745109,45.07204139673267,28.853795196557883,62.80445904849005,2
V046,Marketplace Vendor 046,Beauty & Personal Care,Kochi,63841.47,3.29,0.808,0.096,0.143,0.744,62.71256733067865,1.4012022956561734,58.78540407772239,73.1164224449635,32.056884813167414,4
V047,Marketplace Vendor 047,Eco-Friendly Home,Coimbatore,66588.02,3.87,0.856,0.052,0.134,0.871,57.786628437672114,47.82085815341898,67.851682518556,69.68746969632693,52.803743295545544,4
V048,Marketplace Vendor 048,Beauty & Personal Care,Delhi,67566.34,4.29,0.822,0.07,0.082,0.883,70.00301994279333,62.4897609432007,46.14706683379076,35.76435161993153,66.24639044299701,2
V049,Marketplace Vendor 049,Plant-Based Food,Kochi,80196.19,3.84,0.894,0.093,0.172,0.89,88.99329294939182,25.43493231449083,70.3633516355535,19.76096975359236,57.21411263194132,0
V050,Marketplace Vendor 050,Health & Wellness,Mumbai,71448.86,4.14,0.795,0.065,0.135,0.83,65.17968079836709,67.93291465965564,33.843127844291566,97.39664165479559,66.55629772901136,1
V051,Marketplace Vendor 051,Eco-Friendly Home,Kochi,47684.43,4.1,0.879,0.055,0.042,0.734,51.066456502348316,51.149128372197126,59.96915533768223,58.82168611419995,51.10779243727272,4
V052,Marketplace Vendor 052,Plant-Based Food,Pune,59766.44,4.34,0.844,0.042,0.095,0.781,48.57448850229199,64.71697300554763,53.93763839017946,22.072736417328144,56.64573075391981,2
V053,Marketplace Vendor 053,Health & Wellness,Chennai,42588.16,4.12,0.785,0.159,0.114,0.845,33.62178623499626,31.47016699962158,26.881257578162,10.783722342064511,32.545976617308916,3
V054,Marketplace Vendor 054,Beauty & Personal Care,Hyderabad,60551.17,4.32,0.888,0.083,0.087,0.743,48.10171872767462,73.12559869977129,52.53047692206389,57.289101901898626,60.613658713722955,2
V055,Marketplace Vendor 055,Plant-Based Food,Hyderabad,74076.09,4.66,0.843,0.084,0.052,0.848,66.42573517279938,88.30145049342084,41.13492899866402,73.50850792777422,77.36359283311012,1
V056,Marketplace Vendor 056,Plant-Based Food,Delhi,103066.27,3.93,0.817,0.054,0.089,0.854,92.77453043184227,59.74387912143656,41.81549270914134,43.999588163698206,76.25920477663941,1
V057,Marketplace Vendor 057,Plant-Based Food,Kochi,68897.67,4.19,0.848,0.077,0.122,0.785,74.65388323602761,57.70663911462025,42.413855472505986,30.490990047035986,66.18026117532393,0
V058,Marketplace Vendor 058,Dairy Alternatives,Delhi,92919.52,4.43,0.929,0.076,0.11,0.887,87.87872305784661,66.88151792425523,81.81013201646296,38.343289713719194,77.38012049105092,2
V059,Marketplace Vendor 059,Plant-Based Food,Hyderabad,58079.83,4.0,0.832,0.064,0.133,0.633,59.4198733377946,36.31296440463066,50.41769661967813,49.76609544824223,47.86641887121263,0
V060,Marketplace Vendor 060,Beauty & Personal Care,Pune,43579.63,4.15,0.969,0.052,0.157,0.945,39.21034761113965,49.129246261484155,95.28226501084706,67.38514024097304,44.169796936311904,4
V061,Marketplace Vendor 061,Eco-Friendly Home,Delhi,49667.22,3.85,0.671,0.09,0.108,0.797,44.58924872588387,32.139226241949984,0.0,72.86812931903577,38.364237483916924,3
V062,Marketplace Vendor 062,Health & Wellness,Chennai,49740.82,4.43,0.799,0.071,0.088,0.823,48.06560977745164,47.787315938456125,46.33060944225019,60.21770977801261,47.92646285795388,3
V063,Marketplace Vendor 063,Beauty & Personal Care,Mumbai,113348.92,4.47,0.845,0.114,0.096,0.857,100.0,70.47324756340716,47.79283009083239,23.02571205318656,85.23662378170357,1
V064,Marketplace Vendor 064,Beauty & Personal Care,Pune,57549.89,3.75,0.854,0.083,0.157,0.841,54.1507244625921,18.677723298040235,72.94956363318947,67.60075878515929,36.41422388031617,4
V065,Marketplace Vendor 065,Eco-Friendly Home,Pune,70827.98,3.87,0.904,0.06,0.109,0.935,75.96949524908003,42.111610605129286,75.79253450547071,39.410428480534314,59.040552927104656,0
V066,Marketplace Vendor 066,Plant-Based Food,Pune,48378.74,4.26,0.908,0.049,0.075,0.826,36.22430115597614,72.30369225617501,67.84008325909669,29.063204872022478,54.263996706075574,2
V067,Marketplace Vendor 067,Plant-Based Food,Coimbatore,92098.79,4.0,0.776,0.073,0.148,0.806,84.57601310331843,39.06484954144048,49.75666527449775,47.23996312534551,61.820431322379456,0
V068,Marketplace Vendor 068,Beauty & Personal Care,Chennai,75952.82,3.85,0.808,0.056,0.133,0.731,78.70696654489873,35.00579887309702,41.376741355284565,27.881164563891378,56.85638270899788,0
V069,Marketplace Vendor 069,Plant-Based Food,Chennai,62119.14,4.48,0.869,0.059,0.1,0.876,56.37716465378729,71.19560979680723,65.71776617142658,48.20121848996453,63.78638722529726,2
V070,Marketplace Vendor 070,Plant-Based Food,Bengaluru,64187.46,4.51,0.746,0.109,0.105,0.824,57.67519347452941,69.472751845417,11.837684005339536,54.298113483097076,63.5739726599732,3
V071,Marketplace Vendor 071,Dairy Alternatives,Coimbatore,56753.11,4.16,0.794,0.051,0.111,0.786,54.76697742048717,48.33706803623385,43.03090881471153,64.00376278499272,51.55202272836051,3
V072,Marketplace Vendor 072,Health & Wellness,Mumbai,74326.48,4.55,0.863,0.058,0.085,0.805,74.08443907135117,74.631301071025,39.21812950987338,70.21708655927819,74.35787007118809,1
V073,Marketplace Vendor 073,Eco-Friendly Home,Hyderabad,59177.33,4.46,0.803,0.064,0.088,0.697,55.662773233297486,59.793101616704654,31.808737240216292,41.99654409484823,57.72793742500107,3
V074,Marketplace Vendor 074,Beauty & Personal Care,Kochi,51162.85,4.28,0.82,0.068,0.084,0.779,36.9892137305646,44.1233148100132,47.72493799041306,8.787911872722743,40.5562642702889,3
V075,Marketplace Vendor 075,Eco-Friendly Home,Bengaluru,44238.91,4.36,0.766,0.08,0.098,0.822,29.559515472243373,62.0678793991303,39.189451401739056,28.556660708994603,45.813697435686834,3
V076,Marketplace Vendor 076,Plant-Based Food,Delhi,66117.4,4.87,0.876,0.056,0.07,0.811,57.990075537600916,100.0,53.94482142691881,17.920874502829363,78.99503776880046,2
V077,Marketplace Vendor 077,Dairy Alternatives,Kochi,90391.6,4.42,0.789,0.059,0.121,0.737,87.53537731036393,57.442406139191554,29.821806545317497,61.85376804235532,72.48889172477774,1
V078,Marketplace Vendor 078,Plant-Based Food,Mumbai,74204.41,3.59,0.824,0.037,0.116,0.773,67.4557229267317,21.303034504985817,63.79355083894144,44.38488100095082,44.379378715858756,0
V079,Marketplace Vendor 079,Beauty & Personal Care,Hyderabad,74853.27,4.59,0.922,0.076,0.086,0.865,64.78807319959897,92.35502129993958,77.25540382251961,0.0,78.57154724976928,2
V080,Marketplace Vendor 080,Plant-Based Food,Chennai,76340.95,4.15,0.81,0.068,0.103,0.716,72.64865014889736,32.56825655362055,47.08673916790655,42.03247213683361,52.60845335125896,0
V081,Marketplace Vendor 081,Dairy Alternatives,Coimbatore,95094.69,4.39,0.862,0.063,0.096,0.747,92.88089425551763,62.62258466256061,45.652360694754016,37.62188215095506,77.75173945903913,1
V082,Marketplace Vendor 082,Health & Wellness,Pune,75904.37,4.63,0.83,0.079,0.06,0.747,70.39688079054042,75.7691785703401,31.26678060664216,67.60241807751684,73.08302968044026,1
V083,Marketplace Vendor 083,Eco-Friendly Home,Hyderabad,57173.71,3.59,0.78,0.063,0.153,0.704,58.76945615626033,10.337040778337684,45.996044105664794,19.125422662322165,34.55324846729901,0
V084,Marketplace Vendor 084,Eco-Friendly Home,Bengaluru,87493.56,4.05,0.828,0.077,0.125,0.875,89.0651145375727,25.60197024486531,50.408447178884835,63.828688088019526,57.333542391219005,0
V085,Marketplace Vendor 085,Eco-Friendly Home,Kochi,66184.52,4.19,0.826,0.075,0.139,0.683,70.07070048560979,27.230821888709094,39.665350352786014,56.183614259344594,48.650761187159446,0
V086,Marketplace Vendor 086,Beauty & Personal Care,Hyderabad,93101.8,3.98,0.848,0.031,0.109,0.77,94.96614952521595,39.52842548940181,53.72234400003755,85.34821326836745,67.24728750730888,1
V087,Marketplace Vendor 087,Dairy Alternatives,Chennai,65448.5,4.38,0.707,0.059,0.128,0.655,65.8505164458285,46.42843992984857,7.814488484128888,59.298831398231826,56.139478187838534,3
V088,Marketplace Vendor 088,Beauty & Personal Care,Coimbatore,41051.58,4.46,0.808,0.099,0.067,0.738,27.345433499686486,55.476121320218795,33.645046771093654,60.10308111044703,41.410777409952644,3
V089,Marketplace Vendor 089,Health & Wellness,Pune,47788.89,3.93,0.933,0.06,0.111,0.802,32.36776536270245,51.32985417266462,89.85467313858997,50.02911410514566,41.848809767683534,4
V090,Marketplace Vendor 090,Eco-Friendly Home,Mumbai,92721.01,3.85,0.87,0.057,0.122,0.809,91.59093415742592,39.89590600897628,60.4717403545869,64.56309340805286,65.7434200832011,0
V091,Marketplace Vendor 091,Eco-Friendly Home,Delhi,88852.52,3.8,0.864,0.036,0.14,0.828,92.54156752417697,18.284295815534684,69.23134847407745,35.129352020816164,55.41293166985582,0
V092,Marketplace Vendor 092,Plant-Based Food,Chennai,74066.81,4.26,0.817,0.051,0.12,0.792,65.76547937503635,51.307113041373086,37.24706013618022,48.283547533416446,58.53629620820472,0
V093,Marketplace Vendor 093,Dairy Alternatives,Chennai,62687.81,4.1,0.793,0.088,0.129,0.811,53.87311315244168,37.405598438917046,37.8697978627261,26.31047752267921,45.639355795679364,0
V094,Marketplace Vendor 094,Health & Wellness,Kochi,97059.74,4.53,0.838,0.086,0.09,0.853,95.55671472092264,68.95897404641332,42.04298092701126,100.0,82.25784438366799,1
V095,Marketplace Vendor 095,Eco-Friendly Home,Bengaluru,48063.02,4.43,0.707,0.124,0.169,0.684,34.21438913431551,38.18035537490954,4.639592242772453,38.958663983490354,36.197372254612525,3
V096,Marketplace Vendor 096,Dairy Alternatives,Hyderabad,52298.07,4.17,0.781,0.086,0.099,0.8,41.94621257068679,43.14081843014679,34.222272284460644,44.445752563412555,42.54351550041679,3
V097,Marketplace Vendor 097,Eco-Friendly Home,Mumbai,82914.86,4.43,0.796,0.086,0.085,0.766,80.43158108096065,68.05495324959804,23.192050827289354,35.7975380362953,74.24326716527935,1
V098,Marketplace Vendor 098,Eco-Friendly Home,Kochi,55513.82,3.92,0.761,0.103,0.099,0.787,51.27842167075954,49.07941345482948,30.15868454744669,55.897141535933834,50.17891756279451,3
V099,Marketplace Vendor 099,Eco-Friendly Home,Delhi,69850.41,4.26,0.886,0.074,0.102,0.849,63.42459788115417,72.46661685130567,64.15497982499257,55.982212162985554,67.94560736622992,2
V100,Marketplace Vendor 100,Beauty & Personal Care,Coimbatore,62791.53,3.98,0.8,0.103,0.129,0.739,66.20901369280399,29.66728034669647,30.201108555099,19.982187566932648,47.93814701975023,0
