vendor_id,vendor_name,category,city,onboarding_date,product_count,average_rating,price_index,stock_availability,avg_delivery_days,fulfilment_rate,cancellation_rate,return_rate,response_time_hours,order_count,gmv,average_order_value,repeat_customer_rate,conversion_rate,customer_engagement,category_coverage
V001,Marketplace Vendor 001,Eco-Friendly Home,Mumbai,2024-08-07,30,4.63,0.985,0.856,5.38,0.927,0.063,0.085,11.24,331,68154.14,856.67,0.753,0.082,0.739,0.568
V002,Marketplace Vendor 002,Plant-Based Food,Hyderabad,2023-10-13,25,3.82,1.024,0.828,4.07,0.796,0.074,0.128,12.43,630,86261.04,1215.58,0.377,0.133,0.672,0.826
V003,Marketplace Vendor 003,Health & Wellness,Kochi,2024-10-25,24,4.48,0.988,0.852,3.22,0.892,0.032,0.112,10.27,418,62639.04,898.6,0.642,0.109,0.64,0.645
V004,Marketplace Vendor 004,Beauty & Personal Care,Delhi,2025-01-14,18,4.37,0.986,0.834,2.61,0.783,0.037,0.176,8.55,482,84455.73,914.6,0.531,0.122,0.629,0.775
V005,Marketplace Vendor 005,Health & Wellness,Kochi,2024-04-17,21,4.06,1.092,0.809,4.56,0.705,0.133,0.106,16.88,294,63290.07,779.27,0.584,0.105,0.638,0.369
V006,Marketplace Vendor 006,Plant-Based Food,Chennai,2025-03-27,25,3.69,1.028,0.732,5.69,0.686,0.069,0.085,10.99,428,62517.21,866.45,0.471,0.101,0.503,0.692
V007,Marketplace Vendor 007,Plant-Based Food,Coimbatore,2023-11-01,23,4.23,1.051,0.932,4.05,0.834,0.045,0.089,6.99,261,51837.84,792.84,0.548,0.069,0.687,0.605
V008,Marketplace Vendor 008,Health & Wellness,Mumbai,2023-01-23,16,4.57,1.005,0.736,4.3,0.831,0.049,0.093,7.55,488,74458.26,844.88,0.716,0.059,0.723,0.501
V009,Marketplace Vendor 009,Dairy Alternatives,Delhi,2025-02-19,24,4.68,0.835,0.781,4.35,0.894,0.036,0.106,13.44,417,75630.56,1022.24,0.605,0.135,0.737,0.45
V010,Marketplace Vendor 010,Beauty & Personal Care,Chennai,2024-01-06,19,4.79,1.035,0.75,5.02,0.82,0.092,0.039,12.72,160,44407.91,526.28,0.76,0.05,0.758,0.66
V011,Marketplace Vendor 011,Health & Wellness,Delhi,2023-02-14,23,4.7,0.912,0.869,3.88,0.862,0.063,0.077,6.99,581,71443.88,797.35,0.767,0.151,0.756,0.641
V012,Marketplace Vendor 012,Plant-Based Food,Delhi,2023-12-24,18,4.25,0.877,0.891,4.12,0.826,0.071,0.154,8.39,439,73041.61,1007.73,0.531,0.111,0.685,0.617
V013,Marketplace Vendor 013,Plant-Based Food,Mumbai,2023-05-01,32,4.36,1.049,0.843,3.53,0.848,0.096,0.073,6.23,364,55842.16,796.36,0.735,0.064,0.739,0.687
V014,Marketplace Vendor 014,Plant-Based Food,Mumbai,2024-04-21,9,4.43,1.08,0.844,2.64,0.926,0.056,0.162,8.11,292,44074.1,751.08,0.649,0.088,0.678,0.575
V015,Marketplace Vendor 015,Plant-Based Food,Delhi,2023-06-16,26,4.64,0.933,0.825,4.14,0.854,0.082,0.04,7.07,388,55661.3,854.59,0.608,0.102,0.814,0.604
V016,Marketplace Vendor 016,Plant-Based Food,Kochi,2023-04-11,26,4.32,0.935,0.736,5.04,0.786,0.097,0.114,13.06,300,59507.25,817.37,0.488,0.067,0.678,0.746
V017,Marketplace Vendor 017,Health & Wellness,Delhi,2025-01-27,24,4.41,0.796,0.767,3.33,0.908,0.067,0.128,6.66,383,76413.24,962.36,0.61,0.106,0.689,0.725
V018,Marketplace Vendor 018,Beauty & Personal Care,Coimbatore,2023-06-19,31,3.76,0.811,0.826,5.53,0.752,0.036,0.124,13.74,563,71912.39,893.8,0.467,0.104,0.58,0.744
V019,Marketplace Vendor 019,Health & Wellness,Coimbatore,2024-06-27,32,4.61,0.805,0.91,4.14,0.899,0.083,0.109,9.3,666,100737.21,1036.8,0.673,0.132,0.686,0.739
V020,Marketplace Vendor 020,Health & Wellness,Mumbai,2024-10-26,28,3.99,1.08,0.822,4.35,0.797,0.077,0.131,7.27,403,62407.97,1025.03,0.512,0.098,0.566,0.58
V021,Marketplace Vendor 021,Health & Wellness,Delhi,2024-04-27,17,4.33,0.982,0.752,4.63,0.842,0.025,0.094,12.16,389,60267.28,757.31,0.607,0.063,0.763,0.653
V022,Marketplace Vendor 022,Dairy Alternatives,Hyderabad,2024-10-15,29,4.13,0.872,0.774,4.7,0.796,0.063,0.119,10.26,412,74082.61,916.88,0.571,0.111,0.579,0.653
V023,Marketplace Vendor 023,Dairy Alternatives,Pune,2023-06-29,18,4.06,0.826,0.885,3.53,0.897,0.076,0.023,7.85,570,67155.72,925.25,0.648,0.095,0.761,0.76
V024,Marketplace Vendor 024,Health & Wellness,Delhi,2024-10-31,18,4.7,0.887,0.904,4.2,0.835,0.078,0.177,11.8,544,100556.66,1111.24,0.622,0.148,0.741,0.55
V025,Marketplace Vendor 025,Dairy Alternatives,Kochi,2023-04-28,25,4.65,0.782,0.836,3.72,0.765,0.072,0.082,9.32,590,77342.34,1022.73,0.717,0.122,0.86,0.605
V026,Marketplace Vendor 026,Plant-Based Food,Bengaluru,2025-05-13,24,4.01,0.81,0.806,4.21,0.816,0.072,0.103,12.43,398,68394.09,890.35,0.659,0.13,0.711,0.53
V027,Marketplace Vendor 027,Beauty & Personal Care,Kochi,2025-01-31,25,3.77,0.849,0.852,3.67,0.902,0.041,0.114,9.54,498,94100.65,1165.26,0.423,0.161,0.475,0.99
V028,Marketplace Vendor 028,Health & Wellness,Chennai,2025-03-17,22,4.19,0.97,0.804,4.25,0.876,0.045,0.135,11.27,396,52437.53,836.49,0.477,0.07,0.607,0.872
V029,Marketplace Vendor 029,Health & Wellness,Bengaluru,2024-11-30,20,4.29,0.998,0.865,3.79,0.862,0.06,0.14,11.18,475,58297.98,863.52,0.41,0.087,0.608,0.611
V030,Marketplace Vendor 030,Health & Wellness,Chennai,2025-04-05,27,4.18,1.112,0.859,3.69,0.872,0.005,0.128,2.0,205,55565.03,808.1,0.47,0.071,0.698,0.594
V031,Marketplace Vendor 031,Plant-Based Food,Pune,2024-07-14,19,4.59,1.108,0.929,2.38,0.938,0.032,0.051,4.83,337,71704.97,859.62,0.703,0.092,0.827,0.528
V032,Marketplace Vendor 032,Beauty & Personal Care,Pune,2023-10-15,16,4.53,1.028,0.733,4.71,0.833,0.035,0.105,12.13,300,51210.1,584.64,0.653,0.066,0.699,0.641
V033,Marketplace Vendor 033,Health & Wellness,Mumbai,2025-05-02,33,4.29,0.922,0.816,4.99,0.816,0.078,0.142,10.77,458,75881.69,1073.61,0.512,0.123,0.638,0.668
V034,Marketplace Vendor 034,Beauty & Personal Care,Pune,2024-08-19,29,3.76,1.085,0.758,3.46,0.759,0.055,0.128,11.01,385,67893.21,911.19,0.498,0.104,0.604,0.664
V035,Marketplace Vendor 035,Health & Wellness,Kochi,2025-05-07,10,4.21,1.062,0.906,4.67,0.877,0.043,0.121,7.34,262,50991.17,637.11,0.62,0.079,0.612,0.632
V036,Marketplace Vendor 036,Health & Wellness,Pune,2024-03-16,22,3.8,0.974,0.852,3.94,0.863,0.058,0.099,6.86,323,66739.7,645.29,0.537,0.081,0.572,0.589
V037,Marketplace Vendor 037,Eco-Friendly Home,Delhi,2024-06-11,16,4.32,0.918,0.875,3.79,0.83,0.042,0.132,12.9,466,71954.83,881.62,0.503,0.086,0.546,0.428
V038,Marketplace Vendor 038,Plant-Based Food,Bengaluru,2024-01-16,37,4.16,1.018,0.794,4.53,0.809,0.082,0.107,10.8,435,73268.2,1108.04,0.592,0.114,0.697,0.684
V039,Marketplace Vendor 039,Eco-Friendly Home,Kochi,2024-08-10,17,4.66,0.955,0.808,5.31,0.839,0.109,0.106,12.78,704,97722.3,1299.53,0.616,0.138,0.857,0.586
V040,Marketplace Vendor 040,Dairy Alternatives,Chennai,2024-11-04,20,4.12,0.82,0.861,3.88,0.912,0.046,0.108,6.34,713,106397.53,1202.01,0.622,0.15,0.709,0.702
V041,Marketplace Vendor 041,Plant-Based Food,Mumbai,2023-06-01,19,3.34,0.881,0.847,3.29,0.925,0.05,0.18,8.24,486,71520.51,987.44,0.45,0.078,0.323,0.524
V042,Marketplace Vendor 042,Plant-Based Food,Pune,2024-11-07,26,4.35,1.005,0.901,4.6,0.873,0.081,0.111,7.44,368,53581.05,759.8,0.679,0.043,0.611,0.573
V043,Marketplace Vendor 043,Beauty & Personal Care,Delhi,2024-08-13,17,3.94,1.035,0.748,6.26,0.866,0.067,0.099,8.93,51,32033.51,494.78,0.579,0.029,0.627,0.467
V044,Marketplace Vendor 044,Eco-Friendly Home,Kochi,2023-09-01,21,4.05,1.013,0.795,4.49,0.85,0.028,0.095,9.98,509,73515.95,1085.91,0.666,0.105,0.751,0.607
V045,Marketplace Vendor 045,Eco-Friendly Home,Delhi,2024-06-11,23,4.37,1.125,0.776,3.19,0.827,0.075,0.08,8.2,292,53201.53,717.94,0.841,0.088,0.877,0.857
V046,Marketplace Vendor 046,Beauty & Personal Care,Kochi,2025-03-10,16,3.29,0.9,0.744,2.48,0.808,0.096,0.143,11.86,415,63841.47,780.64,0.411,0.104,0.43,0.544
V047,Marketplace Vendor 047,Eco-Friendly Home,Coimbatore,2024-12-26,17,3.87,0.926,0.871,3.93,0.856,0.052,0.134,9.07,472,66588.02,740.74,0.606,0.081,0.671,0.536
V048,Marketplace Vendor 048,Beauty & Personal Care,Delhi,2025-04-14,19,4.29,0.87,0.883,5.12,0.822,0.07,0.082,8.01,472,67566.34,1036.36,0.608,0.115,0.729,0.908
V049,Marketplace Vendor 049,Plant-Based Food,Kochi,2024-05-21,29,3.84,0.844,0.89,4.26,0.894,0.093,0.172,7.51,585,80196.19,1094.56,0.4,0.152,0.534,0.873
V050,Marketplace Vendor 050,Health & Wellness,Mumbai,2024-10-31,9,4.14,1.016,0.83,4.31,0.795,0.065,0.135,11.26,465,71448.86,913.88,0.608,0.111,0.861,0.429
V051,Marketplace Vendor 051,Eco-Friendly Home,Kochi,2025-02-09,16,4.1,0.984,0.734,4.45,0.879,0.055,0.042,7.13,502,47684.43,866.5,0.552,0.111,0.661,0.638
V052,Marketplace Vendor 052,Plant-Based Food,Pune,2023-10-01,33,4.34,1.062,0.781,4.66,0.844,0.042,0.095,5.24,329,59766.44,775.66,0.576,0.077,0.793,0.581
V053,Marketplace Vendor 053,Health & Wellness,Chennai,2023-03-29,33,4.12,1.104,0.845,5.3,0.785,0.159,0.114,11.38,269,42588.16,606.56,0.472,0.098,0.63,0.805
V054,Marketplace Vendor 054,Beauty & Personal Care,Hyderabad,2023-09-29,20,4.32,1.04,0.743,4.6,0.888,0.083,0.087,9.45,349,60551.17,810.99,0.698,0.066,0.797,0.522
V055,Marketplace Vendor 055,Plant-Based Food,Hyderabad,2023-09-15,17,4.66,1.061,0.848,3.37,0.843,0.084,0.052,10.75,454,74076.09,925.47,0.691,0.124,0.844,0.456
V056,Marketplace Vendor 056,Plant-Based Food,Delhi,2024-02-15,25,3.93,0.865,0.854,3.76,0.817,0.054,0.089,14.13,603,103066.27,1056.71,0.692,0.153,0.678,0.777
V057,Marketplace Vendor 057,Plant-Based Food,Kochi,2025-05-29,30,4.19,0.948,0.785,3.92,0.848,0.077,0.122,10.35,486,68897.67,1119.48,0.52,0.125,0.771,0.653
V058,Marketplace Vendor 058,Dairy Alternatives,Delhi,2023-07-23,27,4.43,0.91,0.887,3.21,0.929,0.076,0.11,4.63,607,92919.52,1131.58,0.639,0.122,0.637,0.561
V059,Marketplace Vendor 059,Plant-Based Food,Hyderabad,2024-03-23,24,4.0,0.971,0.633,3.78,0.832,0.064,0.133,8.89,477,58079.83,862.32,0.613,0.114,0.563,0.604
V060,Marketplace Vendor 060,Beauty & Personal Care,Pune,2023-02-24,22,4.15,1.017,0.945,3.57,0.969,0.052,0.157,8.33,363,43579.63,659.74,0.586,0.09,0.654,0.424
V061,Marketplace Vendor 061,Eco-Friendly Home,Delhi,2024-02-18,15,3.85,1.038,0.797,5.09,0.671,0.09,0.108,17.67,220,49667.22,900.12,0.585,0.089,0.658,0.648
V062,Marketplace Vendor 062,Health & Wellness,Chennai,2024-09-29,18,4.43,0.92,0.823,4.48,0.799,0.071,0.088,8.36,325,49740.82,828.34,0.555,0.097,0.632,0.591
V063,Marketplace Vendor 063,Beauty & Personal Care,Mumbai,2023-08-05,30,4.47,0.822,0.857,2.61,0.845,0.114,0.096,9.54,720,113348.92,1102.2,0.586,0.156,0.721,0.76
V064,Marketplace Vendor 064,Beauty & Personal Care,Pune,2024-08-01,12,3.75,0.829,0.841,3.72,0.854,0.083,0.157,8.12,189,57549.89,831.36,0.494,0.099,0.493,0.713
V065,Marketplace Vendor 065,Eco-Friendly Home,Pune,2023-07-22,28,3.87,0.852,0.935,3.61,0.904,0.06,0.109,10.92,516,70827.98,991.58,0.593,0.129,0.56,0.664
V066,Marketplace Vendor 066,Plant-Based Food,Pune,2025-05-04,24,4.26,0.983,0.826,4.28,0.908,0.049,0.075,8.29,272,48378.74,698.51,0.683,0.064,0.82,0.812
V067,Marketplace Vendor 067,Plant-Based Food,Coimbatore,2024-01-25,24,4.0,0.935,0.806,3.35,0.776,0.073,0.148,6.1,568,92098.79,1058.67,0.535,0.114,0.586,0.575
V068,Marketplace Vendor 068,Beauty & Personal Care,Chennai,2023-12-01,29,3.85,0.914,0.731,3.44,0.808,0.056,0.133,11.69,502,75952.82,1108.58,0.447,0.111,0.654,0.77
V069,Marketplace Vendor 069,Plant-Based Food,Chennai,2023-06-30,22,4.48,1.015,0.876,3.56,0.869,0.059,0.1,7.78,422,62119.14,937.2,0.741,0.073,0.705,0.615
V070,Marketplace Vendor 070,Plant-Based Food,Bengaluru,2023-05-26,23,4.51,1.055,0.824,5.07,0.746,0.109,0.105,12.34,344,64187.46,925.07,0.654,0.106,0.813,0.549
V071,Marketplace Vendor 071,Dairy Alternatives,Coimbatore,2024-02-02,21,4.16,0.908,0.786,3.18,0.794,0.051,0.111,12.34,440,56753.11,758.39,0.553,0.107,0.699,0.551
V072,Marketplace Vendor 072,Health & Wellness,Mumbai,2024-04-15,16,4.55,0.819,0.805,4.88,0.863,0.058,0.085,15.86,570,74326.48,1010.18,0.7,0.118,0.754,0.685
V073,Marketplace Vendor 073,Eco-Friendly Home,Hyderabad,2025-05-31,24,4.46,0.983,0.697,5.37,0.803,0.064,0.088,8.79,309,59177.33,944.57,0.625,0.102,0.717,0.659
V074,Marketplace Vendor 074,Beauty & Personal Care,Kochi,2023-12-23,34,4.28,0.937,0.779,3.53,0.82,0.068,0.084,13.41,169,51162.85,631.22,0.63,0.076,0.609,0.9
V075,Marketplace Vendor 075,Eco-Friendly Home,Bengaluru,2024-03-04,25,4.36,1.122,0.822,3.69,0.766,0.08,0.098,7.42,294,44238.91,670.7,0.659,0.053,0.783,0.747
V076,Marketplace Vendor 076,Plant-Based Food,Delhi,2023-03-06,34,4.87,0.966,0.811,3.43,0.876,0.056,0.07,8.17,440,66117.4,906.64,0.833,0.087,0.876,0.649
V077,Marketplace Vendor 077,Dairy Alternatives,Kochi,2023-08-23,19,4.42,0.906,0.737,4.88,0.789,0.059,0.121,9.72,682,90391.6,1126.3,0.525,0.131,0.712,0.607
V078,Marketplace Vendor 078,Plant-Based Food,Mumbai,2024-07-13,31,3.59,0.965,0.773,3.55,0.824,0.037,0.116,9.12,368,74204.41,872.5,0.531,0.1,0.475,0.453
V079,Marketplace Vendor 079,Beauty & Personal Care,Hyderabad,2024-03-25,32,4.59,0.883,0.865,3.05,0.922,0.076,0.086,3.5,352,74853.27,997.81,0.781,0.076,0.841,0.849
V080,Marketplace Vendor 080,Plant-Based Food,Chennai,2023-03-27,24,4.15,0.931,0.716,4.12,0.81,0.068,0.103,9.56,465,76340.95,941.95,0.514,0.111,0.506,0.713
V081,Marketplace Vendor 081,Dairy Alternatives,Coimbatore,2024-03-26,25,4.39,0.751,0.747,4.12,0.862,0.063,0.096,10.08,653,95094.69,1110.71,0.481,0.145,0.75,0.747
V082,Marketplace Vendor 082,Health & Wellness,Pune,2025-01-19,22,4.63,1.065,0.747,4.38,0.83,0.079,0.06,12.05,501,75904.37,973.11,0.686,0.13,0.74,0.424
V083,Marketplace Vendor 083,Eco-Friendly Home,Hyderabad,2023-04-25,30,3.59,0.904,0.704,4.4,0.78,0.063,0.153,9.28,403,57173.71,907.2,0.452,0.083,0.5,0.821
V084,Marketplace Vendor 084,Eco-Friendly Home,Bengaluru,2023-05-20,18,4.05,0.824,0.875,5.1,0.828,0.077,0.125,11.96,538,87493.56,1168.97,0.432,0.12,0.472,0.642
V085,Marketplace Vendor 085,Eco-Friendly Home,Kochi,2024-03-20,24,4.19,1.043,0.683,5.34,0.826,0.075,0.139,8.39,503,66184.52,1005.43,0.35,0.121,0.571,0.484
V086,Marketplace Vendor 086,Beauty & Personal Care,Hyderabad,2024-06-27,11,3.98,0.833,0.77,4.23,0.848,0.031,0.109,10.83,656,93101.8,1218.32,0.445,0.139,0.597,0.574
V087,Marketplace Vendor 087,Dairy Alternatives,Chennai,2025-03-26,20,4.38,0.997,0.655,5.27,0.707,0.059,0.128,10.16,353,65448.5,1031.84,0.522,0.124,0.706,0.613
V088,Marketplace Vendor 088,Beauty & Personal Care,Coimbatore,2025-05-22,18,4.46,1.098,0.738,3.89,0.808,0.099,0.067,12.94,289,41051.58,667.45,0.585,0.055,0.723,0.587
V089,Marketplace Vendor 089,Health & Wellness,Pune,2025-06-07,20,3.93,1.004,0.802,3.3,0.933,0.06,0.111,5.14,229,47788.89,616.4,0.648,0.053,0.676,0.587
V090,Marketplace Vendor 090,Eco-Friendly Home,Mumbai,2025-03-07,20,3.85,0.849,0.809,4.27,0.87,0.057,0.122,10.37,611,92721.01,1195.83,0.53,0.122,0.574,0.53
V091,Marketplace Vendor 091,Eco-Friendly Home,Delhi,2023-01-13,30,3.8,0.873,0.828,3.83,0.864,0.036,0.14,8.69,582,88852.52,1090.41,0.381,0.152,0.455,0.685
V092,Marketplace Vendor 092,Plant-Based Food,Chennai,2024-11-18,26,4.26,0.975,0.792,5.78,0.817,0.051,0.12,10.48,315,74066.81,883.38,0.526,0.117,0.709,0.596
V093,Marketplace Vendor 093,Dairy Alternatives,Chennai,2025-05-30,31,4.1,1.105,0.811,4.39,0.793,0.088,0.129,10.72,334,62687.81,852.34,0.466,0.072,0.654,0.664
V094,Marketplace Vendor 094,Health & Wellness,Kochi,2023-12-17,13,4.53,0.843,0.853,3.94,0.838,0.086,0.09,11.93,536,97059.74,1230.57,0.653,0.166,0.665,0.285
V095,Marketplace Vendor 095,Eco-Friendly Home,Bengaluru,2025-02-06,26,4.43,1.047,0.684,5.63,0.707,0.124,0.169,14.22,346,48063.02,595.84,0.612,0.061,0.648,0.732
V096,Marketplace Vendor 096,Dairy Alternatives,Hyderabad,2023-05-27,26,4.17,1.014,0.8,4.94,0.781,0.086,0.099,10.14,191,52298.07,779.57,0.525,0.082,0.683,0.545
V097,Marketplace Vendor 097,Eco-Friendly Home,Mumbai,2023-10-23,26,4.43,0.849,0.766,5.61,0.796,0.086,0.085,11.42,543,82914.86,1074.57,0.654,0.13,0.746,0.735
V098,Marketplace Vendor 098,Eco-Friendly Home,Kochi,2023-10-05,18,3.92,1.103,0.787,3.52,0.761,0.103,0.099,10.94,486,55513.82,792.22,0.609,0.1,0.718,0.668
V099,Marketplace Vendor 099,Eco-Friendly Home,Delhi,2023-08-27,21,4.26,0.975,0.849,4.11,0.886,0.074,0.102,7.26,439,69850.41,934.62,0.736,0.095,0.743,0.522
V100,Marketplace Vendor 100,Beauty & Personal Care,Coimbatore,2023-08-20,36,3.98,1.003,0.739,4.42,0.8,0.103,0.129,14.28,409,62791.53,1109.84,0.531,0.088,0.556,0.635
